,Artists,Tracks
0,Led Zeppelin,Immigrant Song - 2012 Remaster
1,Led Zeppelin,Stairway to Heaven - 2012 Remaster
2,Led Zeppelin,Whole Lotta Love - 1990 Remaster
3,Led Zeppelin,Ramble On - 1990 Remaster
4,Led Zeppelin,Black Dog - 2012 Remaster
5,Led Zeppelin,Good Times Bad Times - 1993 Remaster
6,Led Zeppelin,Kashmir - 1990 Remaster
7,Led Zeppelin,Going to California - 2012 Remaster
8,Led Zeppelin,Fool in the Rain - 1990 Remaster
9,Led Zeppelin,Hey Hey What Can I Do - 2012 Remaster
10,Led Zeppelin,Stairway to Heaven - 1990 Remaster
11,Led Zeppelin,D'yer Mak'er - 2012 Remaster
12,Led Zeppelin,Rock and Roll - 2012 Remaster
13,Led Zeppelin,When the Levee Breaks - 2012 Remaster
14,Led Zeppelin,Dazed and Confused - 1990 Remaster
15,Led Zeppelin,Over the Hills and Far Away - 1990 Remaster
16,Led Zeppelin,Heartbreaker - 1990 Remaster
17,Led Zeppelin,Tangerine - 2012 Remaster
18,Led Zeppelin,Babe I'm Gonna Leave You - 1990 Remaster
19,Led Zeppelin,The Rain Song - 2012 Remaster
20,Queen,Bohemian Rhapsody - 2011 Mix
21,Queen,Don't Stop Me Now - 2011 Mix
22,Queen,Another One Bites The Dust - Remastered 2011
23,Queen,Under Pressure - Remastered
24,Queen,We Will Rock You - Remastered
25,Queen,Medicine
26,Queen,Somebody To Love - 2011 Mix
27,Queen,Fat Bottomed Girls - Remastered 2011
28,Queen,Crazy Little Thing Called Love - Remastered 2011
29,Queen,Killer Queen - 2011 Mix
30,Queen,We Are The Champions - Remastered 2011
31,Queen,Butterflies
32,Queen,Radio Ga Ga - 2011 Mix
33,Queen,Karma
34,Queen,I Want To Break Free - Remastered 2011
35,Queen,No One Knows
36,Queen,Butterflies Pt. 2
37,Queen,Don't Stop Me Now
38,Queen,You're My Best Friend - Remastered 2011
39,Queen,Bohemian Rhapsody
40,Rush,Tom Sawyer
41,Rush,Limelight
42,Rush,Boyfriend
43,Rush,The Spirit Of Radio
44,Rush,Working Man
45,Rush,Worldwide
46,Rush,Big Time Rush
47,Rush,Closer To The Heart
48,Rush,Til I Forget About You
49,Rush,Fly By Night
50,Rush,Forget Me Nots
51,Rush,YYZ
52,Rush,Freewill
53,Rush,Count On You (feat. Jordin Sparks)
54,Rush,Halfway There
55,Rush,Subdivisions
56,Rush,Windows Down
57,Rush,If I Ruled the World
58,Rush,Any Kind of Guy
59,Rush,Red Barchetta
60,Pink Floyd,Wish You Were Here
61,Pink Floyd,Comfortably Numb
62,Pink Floyd,"Another Brick in the Wall, Pt. 2"
63,Pink Floyd,Money
64,Pink Floyd,Time
65,Pink Floyd,Breathe (In the Air)
66,Pink Floyd,Hey You
67,Pink Floyd,Brain Damage
68,Pink Floyd,Us and Them
69,Pink Floyd,The Great Gig in the Sky
70,Pink Floyd,Have a Cigar
71,Pink Floyd,Shine On You Crazy Diamond (Pts. 1-5)
72,Pink Floyd,Mother
73,Pink Floyd,Young Lust
74,Pink Floyd,Any Colour You Like
75,Pink Floyd,Eclipse
76,Pink Floyd,Welcome to the Machine
77,Pink Floyd,On the Run
78,Pink Floyd,Speak to Me
79,Pink Floyd,"Another Brick in the Wall, Pt. 1"
80,AC/DC,Back In Black
81,AC/DC,Thunderstruck
82,AC/DC,Highway to Hell
83,AC/DC,You Shook Me All Night Long
84,AC/DC,T.N.T.
85,AC/DC,Dirty Deeds Done Dirt Cheap
86,AC/DC,Shoot to Thrill
87,AC/DC,Hells Bells
88,AC/DC,It's a Long Way to the Top (If You Wanna Rock 'N' Roll)
89,AC/DC,You Shook Me All Night Long
90,AC/DC,For Those About to Rock (We Salute You)
91,AC/DC,Rock N Roll Train
92,AC/DC,Moneytalks
93,AC/DC,Rock and Roll Ain't Noise Pollution
94,AC/DC,Who Made Who
95,AC/DC,Girls Got Rhythm
96,AC/DC,Are You Ready
97,AC/DC,Thunderstruck
98,AC/DC,Have a Drink on Me
99,AC/DC,Whole Lotta Rosie
100,The Beatles,Here Comes The Sun - Remastered 2009
101,The Beatles,Come Together - Remastered 2009
102,The Beatles,Let It Be - Remastered 2009
103,The Beatles,Yesterday - Remastered 2009
104,The Beatles,Hey Jude - Remastered 2015
105,The Beatles,Blackbird - Remastered 2009
106,The Beatles,I Want To Hold Your Hand - Remastered 2015
107,The Beatles,Twist And Shout - Remastered 2009
108,The Beatles,In My Life - Remastered 2009
109,The Beatles,Strawberry Fields Forever - Remastered 2009
110,The Beatles,"Ob-La-Di, Ob-La-Da - Remastered 2009"
111,The Beatles,I Saw Her Standing There - Remastered 2009
112,The Beatles,Something - Remastered 2009
113,The Beatles,Help! - Remastered 2009
114,The Beatles,Eleanor Rigby - Remastered 2009
115,The Beatles,While My Guitar Gently Weeps - Remastered 2009
116,The Beatles,Lucy In The Sky With Diamonds - Remastered 2009
117,The Beatles,Revolution - Remastered 2009
118,The Beatles,Norwegian Wood (This Bird Has Flown) - Remastered 2009
119,The Beatles,Oh! Darling - Remastered 2009
120,Black Sabbath,Paranoid - 2016 Remaster
121,Black Sabbath,Iron Man - 2014 Remaster
122,Black Sabbath,War Pigs / Luke's Wall - 2014 Remaster
123,Black Sabbath,Children of the Grave - 2014 Remaster
124,Black Sabbath,Heaven and Hell - 2008 Remaster
125,Black Sabbath,Sabbath Bloody Sabbath - 2014 Remaster
126,Black Sabbath,Sweet Leaf - 2014 Remaster
127,Black Sabbath,N.I.B.
128,Black Sabbath,Planet Caravan - 2013 Remaster
129,Black Sabbath,Black Sabbath - 2014 Remaster
130,Black Sabbath,War Pigs
131,Black Sabbath,Into the Void - 2014 Remaster
132,Black Sabbath,The Wizard - 2014 Remaster
133,Black Sabbath,Electric Funeral - 2013 Remaster
134,Black Sabbath,Iron Man
135,Black Sabbath,Changes - 2013 Remaster
136,Black Sabbath,Jack the Stripper / Fairies Wear Boots - 2013 Remaster
137,Black Sabbath,Snowblind - 2014 Remaster
138,Black Sabbath,Solitude - 2014 Remaster
139,Black Sabbath,Lord of This World - 2014 Remaster
140,The Rolling Stones,Beast Of Burden - Remastered
141,The Rolling Stones,Gimme Shelter
142,The Rolling Stones,"Paint It, Black"
143,The Rolling Stones,Start Me Up - Remastered
144,The Rolling Stones,Sympathy For The Devil - 50th Anniversary Edition
145,The Rolling Stones,(I Can't Get No) Satisfaction - Mono Version
146,The Rolling Stones,Wild Horses - 2009 Mix
147,The Rolling Stones,Brown Sugar - 2009 Mix
148,The Rolling Stones,Can't You Hear Me Knocking - 2009 Mix
149,The Rolling Stones,You Can't Always Get What You Want
150,The Rolling Stones,Miss You - Remastered
151,The Rolling Stones,Honky Tonk Women - Mono Version
152,The Rolling Stones,Angie
153,The Rolling Stones,Living In A Ghost Town
154,The Rolling Stones,"Paint It, Black - (Original Single Mono Version)"
155,The Rolling Stones,Under My Thumb
156,The Rolling Stones,Tumbling Dice
157,The Rolling Stones,Jumpin' Jack Flash - Mono
158,The Rolling Stones,Ruby Tuesday
159,The Rolling Stones,"Paint It, Black - Mono"
160,Metallica,Enter Sandman
161,Metallica,Nothing Else Matters
162,Metallica,One (Remastered)
163,Metallica,Master of Puppets (Remastered)
164,Metallica,For Whom The Bell Tolls (Remastered)
165,Metallica,The Unforgiven
166,Metallica,Sad But True
167,Metallica,Fade To Black (Remastered)
168,Metallica,Whiskey In The Jar
169,Metallica,Wherever I May Roam
170,Metallica,Fuel
171,Metallica,Turn The Page
172,Metallica,Seek & Destroy (Remastered)
173,Metallica,Battery (Remastered)
174,Metallica,Welcome Home (Sanitarium) (Remastered)
175,Metallica,The Unforgiven II
176,Metallica,King Nothing
177,Metallica,Blackened (Remastered)
178,Metallica,The Day That Never Comes
179,Metallica,Hardwired
180,Iron Maiden,The Trooper - 2015 Remaster
181,Iron Maiden,Run to the Hills - 2015 Remaster
182,Iron Maiden,The Number of the Beast - 2015 Remaster
183,Iron Maiden,2 Minutes to Midnight - 2015 Remaster
184,Iron Maiden,Hallowed Be Thy Name - 2015 Remaster
185,Iron Maiden,Fear of the Dark - 2015 Remaster
186,Iron Maiden,Wasted Years - 2015 Remaster
187,Iron Maiden,Aces High - 2015 Remaster
188,Iron Maiden,Flight of Icarus - 2015 Remaster
189,Iron Maiden,Wasting Love - 2015 Remaster
190,Iron Maiden,Where Eagles Dare - 2015 Remaster
191,Iron Maiden,Phantom of the Opera - 2015 Remaster
192,Iron Maiden,The Wicker Man - 2015 Remaster
193,Iron Maiden,Powerslave - 2015 Remaster
194,Iron Maiden,Iron Maiden - 2015 Remaster
195,Iron Maiden,Can I Play with Madness - 2015 Remaster
196,Iron Maiden,Rime of the Ancient Mariner - 2015 Remaster
197,Iron Maiden,The Evil That Men Do - 2015 Remaster
198,Iron Maiden,Wrathchild - 2015 Remaster
199,Iron Maiden,Children of the Damned - 2015 Remaster
200,Deep Purple,Smoke on the Water
201,Deep Purple,Highway Star
202,Deep Purple,Purple Star
203,Deep Purple,Hush
204,Deep Purple,Perfect Strangers
205,Deep Purple,Space Truckin'
206,Deep Purple,Child in Time
207,Deep Purple,Burn - 2002 Remaster
208,Deep Purple,Smoke on the Water
209,Deep Purple,Knocking At Your Back Door
210,Deep Purple,Hush
211,Deep Purple,Soldier of Fortune
212,Deep Purple,Lazy
213,Deep Purple,Smoke on the Water (45 Version)
214,Deep Purple,Black Night
215,Deep Purple,When a Blind Man Cries - 2012 Remaster
216,Deep Purple,Woman from Tokyo
217,Deep Purple,Speed King
218,Deep Purple,Kentucky Woman
219,Deep Purple,Gettin' Tighter
220,Guns N' Roses,Sweet Child O' Mine
221,Guns N' Roses,Welcome To The Jungle
222,Guns N' Roses,Paradise City
223,Guns N' Roses,November Rain
224,Guns N' Roses,Knockin' On Heaven's Door
225,Guns N' Roses,Live And Let Die
226,Guns N' Roses,Patience
227,Guns N' Roses,Don't Cry (Original)
228,Guns N' Roses,Civil War
229,Guns N' Roses,Mr. Brownstone
230,Guns N' Roses,Nightrain
231,Guns N' Roses,You Could Be Mine
232,Guns N' Roses,Rocket Queen
233,Guns N' Roses,It's So Easy
234,Guns N' Roses,My Michelle
235,Guns N' Roses,Estranged
236,Guns N' Roses,Patience
237,Guns N' Roses,Out Ta Get Me
238,Guns N' Roses,Yesterdays
239,Guns N' Roses,Used To Love Her
240,Who,Baba O'Riley
241,Who,Who Are You
242,Who,Pinball Wizard
243,Who,American Woman
244,Who,this girl
245,Who,Behind Blue Eyes
246,Who,Won't Get Fooled Again - Remix
247,Who,My Generation - Stereo Version
248,Who,my new love
249,Who,Eminence Front
250,Who,The Seeker - Edit
251,Who,These Eyes
252,Who,crush on you
253,Who,My Generation - Mono Version
254,Who,No Sugar Tonight / New Mother Nature
255,Who,i'm tired of feeling this way
256,Who,i love being with you
257,Who,"American Woman - 7"" Single Version"
258,Who,Won't Get Fooled Again - Original Album Version
259,Who,we used to talk every night
260,Def Leppard,Pour Some Sugar On Me - Remastered 2017
261,Def Leppard,Photograph
262,Def Leppard,Hysteria
263,Def Leppard,Rock Of Ages
264,Def Leppard,Love Bites - Remastered 2017
265,Def Leppard,Animal
266,Def Leppard,Foolin'
267,Def Leppard,Pour Some Sugar On Me
268,Def Leppard,Bringin' On The Heartbreak
269,Def Leppard,Pour Some Sugar on Me
270,Def Leppard,Rocket
271,Def Leppard,Armageddon It - Remastered 2017
272,Def Leppard,Let's Get Rocked
273,Def Leppard,Too Late For Love
274,Def Leppard,Hysteria - Remastered 2017
275,Def Leppard,Have You Ever Needed Someone So Bad
276,Def Leppard,Love Bites
277,Def Leppard,When Love And Hate Collide
278,Def Leppard,Photograph
279,Def Leppard,Two Steps Behind - String / Acoustic Version
280,Van Halen,Panama - 2015 Remaster
281,Van Halen,Jump - 2015 Remaster
282,Van Halen,Runnin' with the Devil - 2015 Remaster
283,Van Halen,Hot for Teacher - 2015 Remaster
284,Van Halen,Ain't Talkin' 'Bout Love - 2015 Remaster
285,Van Halen,You Really Got Me - 2015 Remaster
286,Van Halen,Why Can't This Be Love
287,Van Halen,Dance the Night Away - 2015 Remaster
288,Van Halen,Eruption - 2015 Remaster
289,Van Halen,Dreams
290,Van Halen,Jamie's Cryin' - 2015 Remaster
291,Van Halen,Right Now
292,Van Halen,Love Walks In
293,Van Halen,Unchained - 2015 Remaster
294,Van Halen,Can't Stop Lovin' You
295,Van Halen,When It's Love
296,Van Halen,I'll Wait - 2015 Remaster
297,Van Halen,Panama
298,Van Halen,Ice Cream Man - 2015 Remaster
299,Van Halen,(Oh) Pretty Woman - 2015 Remaster
300,Kiss,Rock And Roll All Nite
301,Kiss,I Was Made For Lovin' You
302,Kiss,Detroit Rock City
303,Kiss,Drink About Me
304,Kiss,Beth
305,Kiss,Heaven's On Fire
306,Kiss,Lick It Up
307,Kiss,Strutter
308,Kiss,Love Gun
309,Kiss,Crazy Crazy Nights
310,Kiss,Six Shooter
311,Kiss,Calling Dr. Love
312,Kiss,Forever
313,Kiss,I Love It Loud
314,Kiss,Real
315,Kiss,Detroit Rock City
316,Kiss,Hard Luck Woman
317,Kiss,She Drives Me Crazy
318,Kiss,Shout It Out Loud
319,Kiss,God Gave Rock 'N' Roll To You II
320,Aerosmith,Sweet Emotion
321,Aerosmith,Dream On
322,Aerosmith,Walk This Way
323,Aerosmith,Dude (Looks Like A Lady)
324,Aerosmith,"I Don't Want to Miss a Thing - From ""Armageddon"" Soundtrack"
325,Aerosmith,"I Don't Want to Miss a Thing - From ""Armageddon"" Soundtrack"
326,Aerosmith,Crazy
327,Aerosmith,Cryin'
328,Aerosmith,Back In the Saddle
329,Aerosmith,Janie's Got A Gun
330,Aerosmith,Angel
331,Aerosmith,Rag Doll
332,Aerosmith,Amazing
333,Aerosmith,Livin' On The Edge
334,Aerosmith,Pink
335,Aerosmith,Come Together
336,Aerosmith,Same Old Song and Dance
337,Aerosmith,Jaded
338,Aerosmith,Love In An Elevator - Single Version
339,Aerosmith,What It Takes
340,Eagles,Hotel California - 2013 Remaster
341,Eagles,Take It Easy - 2013 Remaster
342,Eagles,Life in the Fast Lane - 2013 Remaster
343,Eagles,One of These Nights - 2013 Remaster
344,Eagles,Peaceful Easy Feeling - 2013 Remaster
345,Eagles,Desperado - 2013 Remaster
346,Eagles,Lyin' Eyes - 2013 Remaster
347,Eagles,Take It to the Limit - 2013 Remaster
348,Eagles,Tequila Sunrise - 2013 Remaster
349,Eagles,New Kid in Town - 2013 Remaster
350,Eagles,"Hotel California - Live at The Forum, Los Angeles, CA, 10/20-22/1976"
351,Eagles,I Can't Tell You Why - 2013 Remaster
352,Eagles,Heartache Tonight - 2013 Remaster
353,Eagles,Already Gone - 2013 Remaster
354,Eagles,Hotel California - 2013 Remaster
355,Eagles,Seven Bridges Road - Live; 1999 Remaster
356,Eagles,The Best of My Love - 2013 Remaster
357,Eagles,Close
358,Eagles,Witchy Woman - 2013 Remaster
359,Eagles,The Long Run - 2013 Remaster
360,Yes,Owner of a Lonely Heart
361,Yes,Roundabout - 2003 Remaster
362,Yes,El Verde De Tus Ojos
363,Yes,"I've Seen All Good People: a. Your Move, b. All Good People - 2003 Remaster"
364,Yes,Roundabout - 2008 Remaster
365,Yes,weakness
366,Yes,Dreaming About Blue
367,Yes,Rhythm of Love
368,Yes,Cinema
369,Yes,Owner of a Lonely Heart
370,Yes,"Starship Trooper: a. Life Seeker, b. Disillusion, c. Würm"
371,Yes,Vuela Mariposa
372,Yes,Sweetness - 2003 Remaster
373,Yes,Love My Town
374,Yes,The Last Train Home
375,Yes,Long Distance Runaround - 2003 Remaster
376,Yes,Changes
377,Yes,Bikini Bottom
378,Yes,White Knuckles
379,Yes,Shattered
380,Jimi Hendrix,All Along the Watchtower
381,Jimi Hendrix,Purple Haze
382,Jimi Hendrix,Hey Joe
383,Jimi Hendrix,Little Wing
384,Jimi Hendrix,Voodoo Child (Slight Return)
385,Jimi Hendrix,The Wind Cries Mary
386,Jimi Hendrix,Foxey Lady
387,Jimi Hendrix,Castles Made of Sand
388,Jimi Hendrix,All Along the Watchtower
389,Jimi Hendrix,Crosstown Traffic
390,Jimi Hendrix,Red House
391,Jimi Hendrix,Bold as Love
392,Jimi Hendrix,May This Be Love
393,Jimi Hendrix,Jungle
394,Jimi Hendrix,Fire
395,Jimi Hendrix,If 6 Was 9
396,Jimi Hendrix,One Rainy Wish
397,Jimi Hendrix,Purple Haze
398,Jimi Hendrix,Manic Depression
399,Jimi Hendrix,Hear My Train a Comin'
400,Bob Dylan,Knockin' On Heaven's Door
401,Bob Dylan,Like a Rolling Stone
402,Bob Dylan,The Times They Are A-Changin'
403,Bob Dylan,Tangled up in Blue
404,Bob Dylan,"Don't Think Twice, It's All Right"
405,Bob Dylan,Girl from the North Country
406,Bob Dylan,Shelter from the Storm
407,Bob Dylan,Blowin' in the Wind
408,Bob Dylan,Hurricane
409,Bob Dylan,"Lay, Lady, Lay"
410,Bob Dylan,Mr. Tambourine Man
411,Bob Dylan,The Man in Me
412,Bob Dylan,A Hard Rain's A-Gonna Fall
413,Bob Dylan,Subterranean Homesick Blues
414,Bob Dylan,Simple Twist of Fate
415,Bob Dylan,False Prophet
416,Bob Dylan,"Baby, Let Me Follow You Down - Live at Royal Albert Hall, London, UK - May 26, 1966"
417,Bob Dylan,"Like a Rolling Stone - Live at Royal Albert Hall, London, UK - May 26, 1966"
418,Bob Dylan,I Want You
419,Bob Dylan,Make You Feel My Love
420,Thin Lizzy,The Boys Are Back In Town
421,Thin Lizzy,Jailbreak
422,Thin Lizzy,Dancing In The Moonlight (It's Caught Me In It's Spotlight)
423,Thin Lizzy,Whiskey In The Jar
424,Thin Lizzy,We Will Be Strong
425,Thin Lizzy,Cowboy Song
426,Thin Lizzy,Bad Reputation
427,Thin Lizzy,Don't Believe A Word
428,Thin Lizzy,Running Back
429,Thin Lizzy,Emerald
430,Thin Lizzy,Cold Sweat
431,Thin Lizzy,The Rocker
432,Thin Lizzy,Rosalie
433,Thin Lizzy,Chinatown
434,Thin Lizzy,Wild One
435,Thin Lizzy,My Sarah
436,Thin Lizzy,Romeo And The Lonely Girl
437,Thin Lizzy,Little Girl In Bloom
438,Thin Lizzy,Still in Love with You - Live
439,Thin Lizzy,Waiting for an Alibi
440,David Bowie,Heroes - 2017 Remaster
441,David Bowie,Space Oddity - 2015 Remaster
442,David Bowie,Rebel Rebel - 2016 Remaster
443,David Bowie,Starman - 2012 Remaster
444,David Bowie,Let's Dance - 2018 Remaster
445,David Bowie,Moonage Daydream - 2012 Remaster
446,David Bowie,Life on Mars? - 2015 Remaster
447,David Bowie,Modern Love - 2018 Remaster
448,David Bowie,Changes - 2015 Remaster
449,David Bowie,Ziggy Stardust - 2012 Remaster
450,David Bowie,The Jean Genie - 2013 Remaster
451,David Bowie,Golden Years - 2016 Remaster
452,David Bowie,The Man Who Sold the World - 2015 Remaster
453,David Bowie,Fame - 2016 Remaster
454,David Bowie,Young Americans - 2016 Remaster
455,David Bowie,China Girl - 2018 Remaster
456,David Bowie,Let's Dance - 2002 Remaster
457,David Bowie,Suffragette City - 2012 Remaster
458,David Bowie,Sound and Vision - 2017 Remaster
459,David Bowie,Let's Dance - Single Version [Remastered]
460,Bon Jovi,Livin' On A Prayer
461,Bon Jovi,You Give Love A Bad Name
462,Bon Jovi,Wanted Dead Or Alive
463,Bon Jovi,It's My Life
464,Bon Jovi,"It's My Life - Live In Toronto, Ontario/2000"
465,Bon Jovi,Bad Medicine
466,Bon Jovi,Runaway
467,Bon Jovi,Always
468,Bon Jovi,Bed Of Roses
469,Bon Jovi,I'll Be There For You
470,Bon Jovi,"Blaze Of Glory - From ""Young Guns II"" Soundtrack"
471,Bon Jovi,Who Says You Can't Go Home
472,Bon Jovi,Never Say Goodbye
473,Bon Jovi,Born To Be My Baby
474,Bon Jovi,Have A Nice Day
475,Bon Jovi,Shot Through The Heart
476,Bon Jovi,Thank You For Loving Me
477,Bon Jovi,Limitless
478,Bon Jovi,I'll Be There For You
479,Bon Jovi,Raise Your Hands
480,U2,I Still Haven't Found What I'm Looking For
481,U2,With Or Without You - Remastered
482,U2,Beautiful Day
483,U2,One
484,U2,Sunday Bloody Sunday - Remastered 2008
485,U2,Where The Streets Have No Name - Remastered
486,U2,Pride (In The Name Of Love) - Remastered 2009
487,U2,Sweetest Thing
488,U2,Sunday Bloody Sunday - Remastered 2008
489,U2,With Or Without You - Remastered
490,U2,Mysterious Ways
491,U2,Stuck In A Moment You Can't Get Out Of
492,U2,All I Want Is You
493,U2,Where The Streets Have No Name - Remastered
494,U2,I Still Haven't Found What I'm Looking For - Remastered 2007
495,U2,Desire
496,U2,I Will Follow - Remastered 2008
497,U2,Vertigo
498,U2,With Or Without You
499,U2,Elevation
500,Foo Fighters,Everlong
501,Foo Fighters,The Pretender
502,Foo Fighters,Learn to Fly
503,Foo Fighters,Best of You
504,Foo Fighters,All My Life
505,Foo Fighters,My Hero
506,Foo Fighters,Monkey Wrench
507,Foo Fighters,Everlong - Acoustic Version
508,Foo Fighters,Walk
509,Foo Fighters,Times Like These
510,Foo Fighters,The Sky Is A Neighborhood
511,Foo Fighters,These Days
512,Foo Fighters,Run
513,Foo Fighters,My Hero
514,Foo Fighters,Big Me
515,Foo Fighters,Times Like These
516,Foo Fighters,This Is a Call
517,Foo Fighters,I'll Stick Around
518,Foo Fighters,Everlong
519,Foo Fighters,Rope
520,Motorhead,Ace of Spades
521,Motorhead,Overkill
522,Motorhead,Killed by Death
523,Motorhead,God Was Never on Your Side
524,Motorhead,Sympathy For The Devil
525,Motorhead,Heroes
526,Motorhead,Damage Case
527,Motorhead,Hellraiser
528,Motorhead,Motörhead
529,Motorhead,Love Me Forever
530,Motorhead,The Game
531,Motorhead,Born To Raise Hell
532,Motorhead,Bomber
533,Motorhead,(We Are) The Roadcrew
534,Motorhead,Whiplash
535,Motorhead,Ace of Spades
536,Motorhead,Breaking The Law
537,Motorhead,Hellraiser
538,Motorhead,Rock 'n' Roll
539,Motorhead,Louie Louie
540,Genesis,That's All - 2007 Remaster
541,Genesis,Invisible Touch - 2007 Remaster
542,Genesis,Land of Confusion - 2007 Remaster
543,Genesis,Coming Back (feat. Mac Miller)
544,Genesis,I Can't Dance - 2007 Remaster
545,Genesis,Dapper (feat. Anderson .Paak)
546,Genesis,Follow You Follow Me - 2007 Remaster
547,Genesis,Turn It on Again
548,Genesis,100 Bad - Charli XCX Remix
549,Genesis,Misunderstanding
550,Genesis,Consecutive Normal Punches (feat. Buddy)
551,Genesis,Tommy
552,Genesis,Miami
553,Genesis,In Too Deep - 2007 Remaster
554,Genesis,Hold on My Heart - 2007 Remaster
555,Genesis,That's All
556,Genesis,I'm Yours
557,Genesis,Abacab - 2007 Remaster
558,Genesis,Mama - 2007 Remaster
559,Genesis,Home by the Sea - 2007 Remaster
560,Judas Priest,Breaking the Law
561,Judas Priest,You've Got Another Thing Coming
562,Judas Priest,Living After Midnight
563,Judas Priest,Painkiller
564,Judas Priest,Electric Eye
565,Judas Priest,Turbo Lover - Remastered
566,Judas Priest,The Hellion
567,Judas Priest,Beyond the Realms of Death
568,Judas Priest,Lightning Strike
569,Judas Priest,Heading Out to the Highway
570,Judas Priest,Night Crawler
571,Judas Priest,Hell Bent for Leather
572,Judas Priest,Firepower
573,Judas Priest,Angel
574,Judas Priest,The Sentinel
575,Judas Priest,Electric Eye
576,Judas Priest,Halls of Valhalla
577,Judas Priest,Metal Gods
578,Judas Priest,United
579,Judas Priest,Grinder
580,Nirvana,Smells Like Teen Spirit
581,Nirvana,Come As You Are
582,Nirvana,Heart-Shaped Box
583,Nirvana,Lithium
584,Nirvana,In Bloom - Nevermind Version
585,Nirvana,The Man Who Sold The World
586,Nirvana,All Apologies
587,Nirvana,About A Girl
588,Nirvana,Where Did You Sleep Last Night
589,Nirvana,Lake Of Fire
590,Nirvana,Drain You
591,Nirvana,Something In The Way
592,Nirvana,Breed
593,Nirvana,Polly
594,Nirvana,Dumb
595,Nirvana,Rape Me
596,Nirvana,Heart-Shaped Box
597,Nirvana,Lounge Act
598,Nirvana,Stay Away
599,Nirvana,About A Girl
600,Fleetwood Mac,Dreams - 2004 Remaster
601,Fleetwood Mac,Landslide
602,Fleetwood Mac,The Chain - 2004 Remaster
603,Fleetwood Mac,Go Your Own Way - 2004 Remaster
604,Fleetwood Mac,Everywhere - 2017 Remaster
605,Fleetwood Mac,Gypsy
606,Fleetwood Mac,Rhiannon
607,Fleetwood Mac,Don't Stop - 2004 Remaster
608,Fleetwood Mac,Never Going Back Again - 2004 Remaster
609,Fleetwood Mac,Little Lies - 2017 Remaster
610,Fleetwood Mac,Rhiannon
611,Fleetwood Mac,You Make Loving Fun - 2004 Remaster
612,Fleetwood Mac,Gold Dust Woman - 2004 Remaster
613,Fleetwood Mac,Seven Wonders - 2017 Remaster
614,Fleetwood Mac,Say You Love Me
615,Fleetwood Mac,Dreams
616,Fleetwood Mac,Second Hand News - 2004 Remaster
617,Fleetwood Mac,Songbird - 2004 Remaster
618,Fleetwood Mac,I Don't Want to Know - 2004 Remaster
619,Fleetwood Mac,Hold Me
620,Tool,Sober
621,Tool,Schism
622,Tool,The Pot
623,Tool,Forty Six & 2
624,Tool,Pneuma
625,Tool,Stinkfist
626,Tool,Fear Inoculum
627,Tool,Vicarious
628,Tool,Jambi
629,Tool,Ænema
630,Tool,Invincible
631,Tool,Lateralus
632,Tool,Parabola
633,Tool,7empest
634,Tool,Descending
635,Tool,Right In Two
636,Tool,Prison Sex
637,Tool,The Grudge
638,Tool,Eulogy
639,Tool,H.
640,Bruce Springsteen,Dancing In the Dark
641,Bruce Springsteen,Born to Run
642,Bruce Springsteen,Born in the U.S.A.
643,Bruce Springsteen,I'm On Fire
644,Bruce Springsteen,Glory Days
645,Bruce Springsteen,Thunder Road
646,Bruce Springsteen,Hungry Heart
647,Bruce Springsteen,Streets of Philadelphia - Single Edit
648,Bruce Springsteen,Badlands
649,Bruce Springsteen,The River
650,Bruce Springsteen,Secret Garden
651,Bruce Springsteen,Tenth Avenue Freeze-Out
652,Bruce Springsteen,Cover Me
653,Bruce Springsteen,Rosalita (Come Out Tonight)
654,Bruce Springsteen,Tougher Than the Rest
655,Bruce Springsteen,Atlantic City
656,Bruce Springsteen,My Hometown
657,Bruce Springsteen,Pink Cadillac - Single B-Side - 1984
658,Bruce Springsteen,Backstreets
659,Bruce Springsteen,Waitin' On A Sunny Day
660,Slade,You Cheated
661,Slade,Cum on Feel the Noize
662,Slade,Run Runaway - Radio Edit
663,Slade,From the hills
664,Slade,Walk Back Home
665,Slade,Far Far Away
666,Slade,My Oh My
667,Slade,I Never Die
668,Slade,Stay
669,Slade,La Di Da - Radio Edit
670,Slade,Pierce Raps
671,Slade,Here We Go Again
672,Slade,"Run Runaway - 12"" Version"
673,Slade,Racing thoughts
674,Slade,Night Cap
675,Slade,Coz I Luv You
676,Slade,Take It out on Me
677,Slade,Space
678,Slade,Merry Xmas Everybody
679,Slade,Mama Weer All Crazee Now
680,Lynyrd Skynyrd,Sweet Home Alabama
681,Lynyrd Skynyrd,Free Bird
682,Lynyrd Skynyrd,Simple Man
683,Lynyrd Skynyrd,Gimme Three Steps
684,Lynyrd Skynyrd,Tuesday's Gone
685,Lynyrd Skynyrd,The Ballad Of Curtis Loew
686,Lynyrd Skynyrd,Call Me The Breeze
687,Lynyrd Skynyrd,That Smell
688,Lynyrd Skynyrd,Backstreet Crawler
689,Lynyrd Skynyrd,Saturday Night Special
690,Lynyrd Skynyrd,What's Your Name
691,Lynyrd Skynyrd,Free Bird
692,Lynyrd Skynyrd,The Needle And The Spoon
693,Lynyrd Skynyrd,Gimme Back My Bullets
694,Lynyrd Skynyrd,I Need You
695,Lynyrd Skynyrd,Simple Man
696,Lynyrd Skynyrd,Don't Ask Me No Questions
697,Lynyrd Skynyrd,On The Hunt
698,Lynyrd Skynyrd,I Know A Little
699,Lynyrd Skynyrd,All I Can Do Is Write About It
700,The Doors,Riders on the Storm
701,The Doors,Break on Through (To the Other Side)
702,The Doors,Light My Fire
703,The Doors,Roadhouse Blues
704,The Doors,People Are Strange
705,The Doors,Touch Me
706,The Doors,L.A. Woman
707,The Doors,Love Her Madly
708,The Doors,Peace Frog
709,The Doors,"Hello, I Love You"
710,The Doors,Soul Kitchen
711,The Doors,Love Me Two Times
712,The Doors,The End
713,The Doors,Five to One
714,The Doors,The Crystal Ship
715,The Doors,Love Street
716,The Doors,Alabama Song (Whisky Bar)
717,The Doors,Back Door Man
718,The Doors,When the Music's Over
719,The Doors,The Bottle Let Me Down
720,Creedence Clearwater Revival,Fortunate Son
721,Creedence Clearwater Revival,Have You Ever Seen The Rain
722,Creedence Clearwater Revival,Bad Moon Rising
723,Creedence Clearwater Revival,Down On The Corner
724,Creedence Clearwater Revival,Up Around The Bend
725,Creedence Clearwater Revival,Lookin' Out My Back Door
726,Creedence Clearwater Revival,Proud Mary
727,Creedence Clearwater Revival,Born On The Bayou
728,Creedence Clearwater Revival,Green River
729,Creedence Clearwater Revival,Who'll Stop The Rain
730,Creedence Clearwater Revival,Run Through The Jungle
731,Creedence Clearwater Revival,Have You Ever Seen The Rain
732,Creedence Clearwater Revival,Midnight Special
733,Creedence Clearwater Revival,Cotton Fields
734,Creedence Clearwater Revival,Susie Q
735,Creedence Clearwater Revival,Lodi
736,Creedence Clearwater Revival,Fortunate Son
737,Creedence Clearwater Revival,Long As I Can See The Light
738,Creedence Clearwater Revival,I Put A Spell On You
739,Creedence Clearwater Revival,Travelin' Band
740,Chicago,You're the Inspiration - 2006 Remaster
741,Chicago,If You Leave Me Now
742,Chicago,25 or 6 to 4 - 2002 Remaster
743,Chicago,Saturday in the Park - 2002 Remaster
744,Chicago,Hard to Say I'm Sorry / Get Away - 2006 Remaster
745,Chicago,Hard to Say I'm Sorry - 2009 Remaster
746,Chicago,Turnin' Me Up
747,Chicago,Hard Habit to Break - 2006 Remaster
748,Chicago,Feel The Vibe
749,Chicago,Church
750,Chicago,Turnin' Me Up
751,Chicago,Will You Still Love Me? - 2003 Remaster
752,Chicago,Does Anybody Really Know What Time It Is?
753,Chicago,Get Away
754,Chicago,You're the Inspiration - 2009 Remaster
755,Chicago,Look Away - 2009 Remaster
756,Chicago,Feelin' Stronger Every Day - 2002 Remaster
757,Chicago,Smokin' And Ridin' (feat. Freddie Gibbs & Problem)
758,Chicago,Saturday in the Park
759,Chicago,Time Today - Remix
760,Uriah Heep,Stealin'
761,Uriah Heep,Easy Livin'
762,Uriah Heep,Lady in Black
763,Uriah Heep,Lady In Black - Alternate Version
764,Uriah Heep,The Wizard
765,Uriah Heep,July Morning
766,Uriah Heep,The Wizard - 2017 Remastered
767,Uriah Heep,Gypsy
768,Uriah Heep,Lady In Black
769,Uriah Heep,Grazed by Heaven
770,Uriah Heep,Stealin'
771,Uriah Heep,Look at Yourself
772,Uriah Heep,Gypsy - 2016 Remaster
773,Uriah Heep,The Magician's Birthday - 2017 Remastered
774,Uriah Heep,Traveller in Time - 2017 Remastered
775,Uriah Heep,Free Me
776,Uriah Heep,Sunrise - 2017 Remastered
777,Uriah Heep,Rainbow Demon
778,Uriah Heep,Sweet Lorraine - 2017 Remastered
779,Uriah Heep,Circle of Hands - 2017 Remastered
780,Status Quo,Pictures of Matchstick Men - Mono Version
781,Status Quo,Rockin' All Over The World
782,Status Quo,Roll Over Lay Down
783,Status Quo,The Wanderer
784,Status Quo,Liberty Lane
785,Status Quo,Caroline
786,Status Quo,Rockin' All Over The World
787,Status Quo,In the Army Now 2010
788,Status Quo,Gerdundula
789,Status Quo,Burning Bridges
790,Status Quo,Twenty Wild Horses - Remastered
791,Status Quo,Red Sky
792,Status Quo,Pictures of Matchstick Men - Stereo Version
793,Status Quo,Marguerita Time
794,Status Quo,"Rockin' All Over the World - Live at Live Aid, Wembley Stadium, 13th July 1985"
795,Status Quo,Pictures of Matchstick Men
796,Status Quo,Ice In the Sun - Mono Version
797,Status Quo,A Mess of the Blues
798,Status Quo,Technicolor Dreams - Mono Version
799,Status Quo,Rollin' Home
800,Marillion,Incommunicado - 2018 Remix
801,Marillion,Kayleigh
802,Marillion,Kayleigh
803,Marillion,Kayleigh - 2017 Remaster
804,Marillion,Kayleigh
805,Marillion,Lavender
806,Marillion,Easter - 1997 Remaster
807,Marillion,No One Can - 1998 Remaster
808,Marillion,Estonia
809,Marillion,Script for a Jester's Tear - 1997 Remaster
810,Marillion,Sugar Mice - 1999 Remaster
811,Marillion,Pseudo Silk Kimono - 2017 Remaster
812,Marillion,Beautiful - 1999 Remaster
813,Marillion,Heart of Lothian - 2017 Remaster
814,Marillion,Bitter Suite: Brief Encounter / Lost Weekend / Blue Angel / Misplaced Rendezvous / Windswept Thumb - 2017 Remaster
815,Marillion,Forgotten Sons - 1997 Remaster
816,Marillion,Beautiful
817,Marillion,Seasons End
818,Marillion,Made Again 2020
819,Marillion,Lavender - 2017 Remaster
820,Pearl Jam,Even Flow
821,Pearl Jam,Alive
822,Pearl Jam,Jeremy
823,Pearl Jam,Black
824,Pearl Jam,Yellow Ledbetter
825,Pearl Jam,Last Kiss
826,Pearl Jam,Daughter (Remastered)
827,Pearl Jam,Just Breathe
828,Pearl Jam,Better Man
829,Pearl Jam,Elderly Woman Behind the Counter in a Small Town (Remastered)
830,Pearl Jam,Present Tense
831,Pearl Jam,Dance Of The Clairvoyants
832,Pearl Jam,Rearviewmirror (Remastered)
833,Pearl Jam,Release
834,Pearl Jam,Superblood Wolfmoon
835,Pearl Jam,Retrograde
836,Pearl Jam,Corduroy - Remastered
837,Pearl Jam,Dance Of The Clairvoyants
838,Pearl Jam,Once
839,Pearl Jam,State of Love and Trust
840,Rainbow,Cocaine Jesus
841,Rainbow,It's Called: Freefall
842,Rainbow,Devil Like Me
843,Rainbow,First Class
844,Rainbow,Heart
845,Rainbow,All That and More (Sailboat)
846,Rainbow,Lady Lie
847,Rainbow,All's Well That Ends
848,Rainbow,When It Lands
849,Rainbow,Painkillers
850,Rainbow,Seven
851,Rainbow,Since You Been Gone
852,Rainbow,Fever Pitch
853,Rainbow,Goodnight Chicago
854,Rainbow,Hide
855,Rainbow,Peace Blossom Boogy
856,Rainbow,No Vacancy
857,Rainbow,Cold Love
858,Rainbow,Mr. Redundant
859,Rainbow,Holy War
860,Motley Crue,Kickstart My Heart
861,Motley Crue,"Girls, Girls, Girls"
862,Motley Crue,Dr. Feelgood
863,Motley Crue,Home Sweet Home
864,Motley Crue,Shout At The Devil
865,Motley Crue,Wild Side
866,Motley Crue,Live Wire
867,Motley Crue,Looks That Kill
868,Motley Crue,Same Ol' Situation (S.O.S.)
869,Motley Crue,Take Me To The Top
870,Motley Crue,Don't Go Away Mad (Just Go Away)
871,Motley Crue,Smokin' In The Boys Room
872,Motley Crue,Too Young To Fall In Love
873,Motley Crue,Without You
874,Motley Crue,Kickstart My Heart
875,Motley Crue,The Dirt (Est. 1981) [feat. Machine Gun Kelly]
876,Motley Crue,Take Me To The Top
877,Motley Crue,Too Fast For Love
878,Motley Crue,On With The Show
879,Motley Crue,The Dirt (Est. 1981) [feat. Machine Gun Kelly]
880,Cream,Sunshine Of Your Love
881,Cream,White Room
882,Cream,Strange Brew
883,Cream,I Feel Free
884,Cream,Crossroads - Live
885,Cream,Told Ya
886,Cream,Tales Of Brave Ulysses
887,Cream,So Thick (feat. Baby Goth)
888,Cream,Dumb Sh!t (with Jasiah)
889,Cream,Badge
890,Cream,Crossroads - Live
891,Cream,So Thick (feat. Baby Goth)
892,Cream,You Wanted It
893,Cream,Ignorant
894,Cream,SWLABR
895,Cream,Feelin' alone
896,Cream,Плачу на техно
897,Cream,Born Under A Bad Sign
898,Cream,Stormy Monday - Live
899,Cream,World Of Pain
900,Journey,Don't Stop Believin'
901,Journey,Any Way You Want It
902,Journey,Don't Stop Believin'
903,Journey,Faithfully
904,Journey,Separate Ways (Worlds Apart)
905,Journey,Open Arms
906,Journey,Wheel in the Sky
907,Journey,Stone in Love
908,Journey,Any Way You Want It
909,Journey,"Lovin', Touchin', Squeezin'"
910,Journey,Lights
911,Journey,Don't Stop Believin'
912,Journey,Who's Crying Now
913,Journey,Faithfully
914,Journey,Feeling That Way
915,Journey,Don't Stop Believin'
916,Journey,Send Her My Love
917,Journey,Wheel in the Sky
918,Journey,I'll Be Alright Without You
919,Journey,Separate Ways (Worlds Apart)
920,Ramones,Blitzkrieg Bop - 2016 Remaster
921,Ramones,I Wanna Be Sedated
922,Ramones,I Wanna Be Sedated - 2002 Remaster
923,Ramones,Sheena Is a Punk Rocker - 2017 Remaster
924,Ramones,Pet Sematary
925,Ramones,"Baby, I Love You"
926,Ramones,Bonzo Goes to Bitburg
927,Ramones,California Sun - 2017 Remaster
928,Ramones,Beat on the Brat - 2016 Remaster
929,Ramones,Judy Is a Punk - 2016 Remaster
930,Ramones,Rock 'n' Roll High School - 2002 Remaster
931,Ramones,Rockaway Beach - 2017 Remaster
932,Ramones,I Wanna Be Your Boyfriend - 2016 Remaster
933,Ramones,The KKK Took My Baby Away - 2002 Remaster
934,Ramones,My Brain Is Hanging Upside Down (Bonzo Goes to Bitburg)
935,Ramones,Blitzkrieg Bop
936,Ramones,Havana Affair - 2016 Remaster
937,Ramones,Do You Remember Rock 'n' Roll Radio? - 2002 Remaster
938,Ramones,You Sound Like You're Sick - 2002 Remaster
939,Ramones,Now I Wanna Sniff Some Glue - 2016 Remaster
940,ZZ Top,Sharp Dressed Man - 2008 Remaster
941,ZZ Top,La Grange - 2005 Remaster
942,ZZ Top,Gimme All Your Lovin'
943,ZZ Top,Tush - 2006 Remaster
944,ZZ Top,Legs - 2008 Remaster
945,ZZ Top,Gimme All Your Lovin'
946,ZZ Top,Just Got Paid
947,ZZ Top,Jesus Just Left Chicago - 2006 Remaster
948,ZZ Top,Rough Boy
949,ZZ Top,Got Me Under Pressure - 2008 Remaster
950,ZZ Top,Waitin' for the Bus - 2006 Remaster
951,ZZ Top,Beer Drinkers & Hell Raisers - 2006 Remaster
952,ZZ Top,Blue Jean Blues - 2005 Remaster
953,ZZ Top,Sharp Dressed Man
954,ZZ Top,Tush
955,ZZ Top,La Grange - 1999 Remaster
956,ZZ Top,Brown Sugar
957,ZZ Top,"I'm Bad, I'm Nationwide"
958,ZZ Top,Sleeping Bag
959,ZZ Top,I Need You Tonight - 2008 Remaster
960,King Crimson,21st Century Schizoid Man
961,King Crimson,The Court Of The Crimson King
962,King Crimson,I Talk To The Wind
963,King Crimson,Epitaph
964,King Crimson,The Court of the Crimson King - Live
965,King Crimson,Moonchild
966,King Crimson,Epitaph - Live
967,King Crimson,Starless
968,King Crimson,21st Century Schizoid Man (Radio Edit)
969,King Crimson,In The Wake Of Poseidon
970,King Crimson,"21st Century Schizoid Man - Including ""Mirrors"""
971,King Crimson,21st Century Schizoid Man - Live
972,King Crimson,21st Century Schizoid Man (radio version) [Bonus Track]
973,King Crimson,One More Red Nightmare
974,King Crimson,I Talk To The Wind
975,King Crimson,"The Court Of The Crimson King - Including ""The Return of the Fire Witch"" and ""The Dance of the Puppets"""
976,King Crimson,Starless - Live
977,King Crimson,"Epitaph - Including ""March for No Reason"" and ""Tomorrow and Tomorrow"""
978,King Crimson,I Talk To The Wind - From: The Young Person's Guide To King Crimson 1976
979,King Crimson,Indiscipline
980,Roxy Music,More Than This - Remastered
981,Roxy Music,Love Is The Drug
982,Roxy Music,More Than This
983,Roxy Music,Avalon - Remastered
984,Roxy Music,Love Is The Drug
985,Roxy Music,In Every Dream Home A Heartache
986,Roxy Music,Jealous Guy - Remastered
987,Roxy Music,Virginia Plain
988,Roxy Music,True To Life - Remastered
989,Roxy Music,Oh Yeah!
990,Roxy Music,Dance Away
991,Roxy Music,Take A Chance With Me - Remastered
992,Roxy Music,If There Is Something
993,Roxy Music,The Space Between - Remastered
994,Roxy Music,To Turn You On - Remastered
995,Roxy Music,End Of The Line
996,Roxy Music,Mother Of Pearl - Remastered
997,Roxy Music,Same Old Scene
998,Roxy Music,The Main Thing - Remastered
999,Roxy Music,Do The Strand
